{
"lengthUnit": "mil",
"components": {
	"fields": ["COMPONENT_NO", "COMPONENT_NAME", "LAYER", "X_COORDINATE", "Y_COORDINATE", "ANGLE"],
	"rows": [
		[1, "C2", "T", 3860, -535, 0],
		[2, "C4", "T", 3340, -560, 0],
		[3, "C5", "T", 4345.61, -539.81, 0],
		[4, "L1", "T", 3590, -525, 0],
		[5, "Q1", "T", 2940.8, -448.56, 90],
		[6, "Q2", "T", 5258.42, -441.94, 270],
		[7, "R1", "T", 4790, -295, 180],
		[8, "R2", "T", 4645, -295, 180],
		[9, "R3", "T", 4510, -295, 180],
		[10, "R4", "T", 4375, -295, 180],
		[11, "R5", "T", 4245, -295, 180],
		[12, "R6", "T", 4115, -295, 180],
		[13, "R7", "T", 3985, -295, 180],
		[14, "R8", "T", 3855, -295, 180],
		[15, "R9", "T", 3720, -295, 180],
		[16, "R10", "T", 3585, -295, 180],
		[17, "U1", "T", 3270, -1060, 90],
		[18, "U2", "T", 5225, -1000, 90],
		[19, "U3", "T", 4700, -1055, 90],
		[20, "U4", "T", 3370, -370, 0],
		[21, "U5", "T", 4105, -535, 0],
		[22, "U6", "T", 4560, -535, 0],
		[23, "USB2", "T", 5490, -1035, 90],
		[24, "USB3", "T", 2885, -1075, 270]
	]
},
"pins": {
	"fields": ["PIN_NO", "PIN_NAME", "PIN_X", "PIN_Y", "LAYER", "PIN_TYPE", "NET_NAME", "NET_TYPE", "PAD_SHAPE", "PAD_SIZEX", "PAD_SIZEY", "HOLE_SIZE", "PAD_ANGLE"],
	"rows": [
		[1, "C2_1", 3832.44, -535, "T", "SMD", "$1N1580", "", "R", 31.5, 35.43, 0, 0],
		[2, "C2_2", 3887.56, -535, "T", "SMD", "$1N3419", "", "R", 31.5, 35.43, 0, 0],
		[3, "C4_1", 3312.44, -560, "T", "SMD", "$1N1580", "", "R", 31.5, 35.43, 0, 0],
		[4, "C4_2", 3367.56, -560, "T", "SMD", "$1N1794", "", "R", 31.5, 35.43, 0, 0],
		[5, "C5_1", 4318.05, -539.81, "T", "SMD", "$1N3419", "", "R", 31.5, 35.43, 0, 0],
		[6, "C5_2", 4373.17, -539.81, "T", "SMD", "$1N1544", "", "R", 31.5, 35.43, 0, 0],
		[7, "L1_1", 3495, -525, "T", "SMD", "$1N1580", "", "R", 78.74, 98.42, 0, 0],
		[8, "L1_2", 3685, -525, "T", "SMD", "$1N1574", "", "R", 78.74, 98.42, 0, 0],
		[9, "Q1_1", 3149.18, -548.56, "T", "SMD", "$1N2974", "", "R", 141.73, 66.93, 0, 0],
		[10, "Q1_2", 2732.42, -448.56, "T", "SMD", "$1N3419", "", "R", 354.33, 433.07, 0, 0],
		[11, "Q1_3", 3149.18, -348.56, "T", "SMD", "$1N1580", "", "R", 141.73, 66.93, 0, 0],
		[12, "Q2_1", 5050.04, -341.94, "T", "SMD", "$1N2974", "", "R", 141.73, 66.93, 0, 180],
		[13, "Q2_2", 5466.8, -441.94, "T", "SMD", "$1N3419", "", "R", 354.33, 433.07, 0, 180],
		[14, "Q2_3", 5050.04, -541.94, "T", "SMD", "$1N1580", "", "R", 141.73, 66.93, 0, 180],
		[15, "R1_1", 4819.66, -295, "T", "SMD", "$1N1846", "", "R", 31.75, 34.02, 0, 180],
		[16, "R1_2", 4760.34, -295, "T", "SMD", "$1N3419", "", "R", 31.75, 34.02, 0, 180],
		[17, "R2_1", 4674.66, -295, "T", "SMD", "$1N1813", "", "R", 31.75, 34.02, 0, 180],
		[18, "R2_2", 4615.34, -295, "T", "SMD", "$1N1544", "", "R", 31.75, 34.02, 0, 180],
		[19, "R3_1", 4539.66, -295, "T", "SMD", "$1N3564", "", "R", 31.75, 34.02, 0, 180],
		[20, "R3_2", 4480.34, -295, "T", "SMD", "$1N2974", "", "R", 31.75, 34.02, 0, 180],
		[21, "R4_1", 4404.66, -295, "T", "SMD", "$1N2974", "", "R", 31.75, 34.02, 0, 180],
		[22, "R4_2", 4345.34, -295, "T", "SMD", "$1N3419", "", "R", 31.75, 34.02, 0, 180],
		[23, "R5_1", 4274.66, -295, "T", "SMD", "$1N3419", "", "R", 31.75, 34.02, 0, 180],
		[24, "R5_2", 4215.34, -295, "T", "SMD", "$1N2974", "", "R", 31.75, 34.02, 0, 180],
		[25, "R6_1", 4144.66, -295, "T", "SMD", "$1N3419", "", "R", 31.75, 34.02, 0, 180],
		[26, "R6_2", 4085.34, -295, "T", "SMD", "$1N2974", "", "R", 31.75, 34.02, 0, 180],
		[27, "R7_1", 4014.66, -295, "T", "SMD", "$1N3564", "", "R", 31.75, 34.02, 0, 180],
		[28, "R7_2", 3955.34, -295, "T", "SMD", "$1N2231", "", "R", 31.75, 34.02, 0, 180],
		[29, "R8_1", 3884.66, -295, "T", "SMD", "$1N3419", "", "R", 31.75, 34.02, 0, 180],
		[30, "R8_2", 3825.34, -295, "T", "SMD", "$1N2231", "", "R", 31.75, 34.02, 0, 180],
		[31, "R9_1", 3749.66, -295, "T", "SMD", "$1N1580", "", "R", 31.75, 34.02, 0, 180],
		[32, "R9_2", 3690.34, -295, "T", "SMD", "$1N2287", "", "R", 31.75, 34.02, 0, 180],
		[33, "R10_1", 3614.66, -295, "T", "SMD", "$1N1846", "", "R", 31.75, 34.02, 0, 180],
		[34, "R10_2", 3555.34, -295, "T", "SMD", "$1N1580", "", "R", 31.75, 34.02, 0, 180],
		[35, "U1_1", 3270, -1325.75, "T", "DIP", "$1N1544", "", "C", 86.61, 86.61, 55.12, 270],
		[36, "U1_1", 3270, -1325.75, "B", "DIP", "$1N1544", "", "C", 86.61, 86.61, 55.12, 270],
		[37, "U1_2", 3270, -794.25, "T", "DIP", "$1N3564", "", "C", 86.61, 86.61, 55.12, 270],
		[38, "U1_2", 3270, -794.25, "B", "DIP", "$1N3564", "", "C", 86.61, 86.61, 55.12, 270],
		[39, "U2_1", 5225, -1265.75, "T", "DIP", "$1N1544", "", "C", 86.61, 86.61, 55.12, 270],
		[40, "U2_1", 5225, -1265.75, "B", "DIP", "$1N1544", "", "C", 86.61, 86.61, 55.12, 270],
		[41, "U2_2", 5225, -734.25, "T", "DIP", "$1N3419", "", "C", 86.61, 86.61, 55.12, 270],
		[42, "U2_2", 5225, -734.25, "B", "DIP", "$1N3419", "", "C", 86.61, 86.61, 55.12, 270],
		[43, "U3_1", 4700, -1202.64, "T", "DIP", "$1N1544", "", "C", 82.68, 82.68, 47.24, 180],
		[44, "U3_1", 4700, -1202.64, "B", "DIP", "$1N1544", "", "C", 82.68, 82.68, 47.24, 180],
		[45, "U3_2", 4700, -907.36, "T", "DIP", "$1N3419", "", "C", 82.68, 82.68, 47.24, 180],
		[46, "U3_2", 4700, -907.36, "B", "DIP", "$1N3419", "", "C", 82.68, 82.68, 47.24, 180],
		[47, "U4_1", 3340.47, -341.66, "T", "SMD", "$1N1794", "", "R", 9.84, 23.62, 0, 0],
		[48, "U4_2", 3360.16, -341.66, "T", "SMD", "$1N1813", "", "R", 9.84, 23.62, 0, 0],
		[49, "U4_3", 3379.84, -341.66, "T", "SMD", "$1N1846", "", "R", 9.84, 23.62, 0, 0],
		[50, "U4_4", 3399.53, -341.66, "T", "SMD", "$1N1544", "", "R", 9.84, 23.62, 0, 0],
		[51, "U4_5", 3370, -377.09, "T", "SMD", "$1N1574", "", "R", 9.84, 94.49, 0, 90],
		[52, "U4_6", 3399.53, -398.34, "T", "SMD", "$1N3419", "", "R", 9.84, 35.43, 0, 90],
		[53, "U4_7", 3346.38, -398.34, "T", "SMD", "$1N1580", "", "R", 9.84, 47.24, 0, 90],
		[54, "U5_1", 4145, -535, "T", "SMD", "$1N2231", "", "R", 43.31, 49.21, 0, 0],
		[55, "U5_2", 4065, -535, "T", "SMD", "$1N3419", "", "R", 43.31, 49.21, 0, 0],
		[56, "U6_1", 4600, -535, "T", "SMD", "$1N2287", "", "R", 43.31, 49.21, 0, 0],
		[57, "U6_2", 4520, -535, "T", "SMD", "$1N2974", "", "R", 43.31, 49.21, 0, 0],
		[58, "USB2_1", 5450.63, -897.21, "T", "DIP", "$1N3419", "", "C", 62.99, 62.99, 39.37, 90],
		[59, "USB2_1", 5450.63, -897.21, "B", "DIP", "$1N3419", "", "C", 62.99, 62.99, 39.37, 90],
		[60, "USB2_2", 5450.63, -995.63, "T", "DIP", "$1N3571", "", "C", 62.99, 62.99, 39.37, 90],
		[61, "USB2_2", 5450.63, -995.63, "B", "DIP", "$1N3571", "", "C", 62.99, 62.99, 39.37, 90],
		[62, "USB2_3", 5450.63, -1074.38, "T", "DIP", "$1N3376", "", "C", 62.99, 62.99, 39.37, 90],
		[63, "USB2_3", 5450.63, -1074.38, "B", "DIP", "$1N3376", "", "C", 62.99, 62.99, 39.37, 90],
		[64, "USB2_4", 5450.63, -1172.8, "T", "DIP", "$1N3419", "", "C", 62.99, 62.99, 39.37, 90],
		[65, "USB2_4", 5450.63, -1172.8, "B", "DIP", "$1N3419", "", "C", 62.99, 62.99, 39.37, 90],
		[66, "USB2_5", 5529.37, -1265.32, "T", "DIP", "USB2_5", "", "O", 78.74, 137.79, 98.42, 90],
		[67, "USB2_5", 5529.37, -1265.32, "B", "DIP", "USB2_5", "", "O", 78.74, 137.79, 98.42, 90],
		[68, "USB2_6", 5529.37, -804.69, "T", "DIP", "USB2_6", "", "O", 78.74, 137.79, 98.42, 90],
		[69, "USB2_6", 5529.37, -804.69, "B", "DIP", "USB2_6", "", "O", 78.74, 137.79, 98.42, 90],
		[70, "USB3_1", 2939.55, -936.4, "T", "DIP", "$1N3419", "", "C", 66.93, 66.93, 43.31, 180],
		[71, "USB3_1", 2939.55, -936.4, "B", "DIP", "$1N3419", "", "C", 66.93, 66.93, 43.31, 180],
		[72, "USB3_2", 2939.55, -1034.9, "T", "DIP", "$1N3376", "", "C", 66.93, 66.93, 43.31, 180],
		[73, "USB3_2", 2939.55, -1034.9, "B", "DIP", "$1N3376", "", "C", 66.93, 66.93, 43.31, 180],
		[74, "USB3_3", 2939.55, -1113.6, "T", "DIP", "$1N3571", "", "C", 66.93, 66.93, 43.31, 180],
		[75, "USB3_3", 2939.55, -1113.6, "B", "DIP", "$1N3571", "", "C", 66.93, 66.93, 43.31, 180],
		[76, "USB3_4", 2939.55, -1212, "T", "DIP", "$1N3564", "", "C", 66.93, 66.93, 43.31, 180],
		[77, "USB3_4", 2939.55, -1212, "B", "DIP", "$1N3564", "", "C", 66.93, 66.93, 43.31, 180],
		[78, "USB3_5", 2830.45, -799.4, "T", "DIP", "USB3_5", "", "C", 125.98, 125.98, 90.55, 0],
		[79, "USB3_5", 2830.45, -799.4, "B", "DIP", "USB3_5", "", "C", 125.98, 125.98, 90.55, 0],
		[80, "USB3_6", 2830.45, -1350.6, "T", "DIP", "USB3_6", "", "C", 125.98, 125.98, 90.55, 0],
		[81, "USB3_6", 2830.45, -1350.6, "B", "DIP", "USB3_6", "", "C", 125.98, 125.98, 90.55, 0]
	]
}
}